,region,name
0,Texas,Abilene Christian University
1,Texas,Abilene Christian University-Undergraduate Online
2,California,Abraham Lincoln University
3,Minnesota,Academy College
4,California,Academy of Art University
5,Colorado,Adams State University
6,New York,Adelphi University
7,Illinois,Adler University
8,Michigan,Adrian College
9,Florida,AdventHealth University
10,Georgia,Agnes Scott College
11,Florida,AI Miami International University of Art and Design
12,Alabama,Alabama A & M University
13,Alabama,Alabama State University
14,Alaska,Alaska Bible College
15,Alaska,Alaska Pacific University
16,New York,Albany College of Pharmacy and Health Sciences
17,Georgia,Albany State University
18,Connecticut,Albertus Magnus College
19,Michigan,Albion College
20,Florida,Albizu University-Miami
21,Pennsylvania,Albright College
22,Mississippi,Alcorn State University
23,West Virginia,Alderson Broaddus University
24,New York,Alfred University
25,Kentucky,Alice Lloyd College
26,Pennsylvania,Allegheny College
27,Ohio,Allegheny Wesleyan College
28,Iowa,Allen College
29,South Carolina,Allen University
30,California,Alliant International University-San Diego
31,Michigan,Alma College
32,Pennsylvania,Alvernia University
33,Wisconsin,Alverno College
34,Texas,Amberton University
35,California,America Evangelical University
36,Illinois,American Academy of Art College
37,Tennessee,American Baptist College
38,Indiana,American College of Education
39,South Carolina,American College of the Building Arts
40,Arizona,American InterContinental University
41,Georgia,American InterContinental University-Atlanta
42,Texas,American InterContinental University-Houston
43,Massachusetts,American International College
44,Illinois,American Islamic College
45,California,American Jewish University
46,West Virginia,American Public University System
47,Connecticut,American Sentinel College of Nursing and Health Sciences
48,District of Columbia,American University
49,California,American University of Health Sciences
50,Massachusetts,Amherst College
51,Alabama,Amridge University
52,Florida,Ana G. Mendez University
53,Indiana,Anderson University
54,South Carolina,Anderson University
55,Michigan,Andrews University
56,Texas,Angelo State University
57,Massachusetts,Anna Maria College
58,Ohio,Antioch College
59,Ohio,Antioch University
60,California,Antioch University-Los Angeles
61,California,Antioch University-Santa Barbara
62,Washington,Antioch University-Seattle
63,West Virginia,Appalachian Bible College
64,North Carolina,Appalachian State University
65,Michigan,Aquinas College
66,Pennsylvania,Arcadia University
67,Arizona,Arizona Christian University
68,Texas,Arizona College of Nursing-Dallas
69,Florida,Arizona College of Nursing-Fort Lauderdale
70,Nevada,Arizona College of Nursing-Las Vegas
71,Arizona,Arizona College of Nursing-Phoenix
72,Utah,Arizona College of Nursing-Salt Lake City
73,Florida,Arizona College of Nursing-Tampa
74,Arizona,Arizona College of Nursing-Tempe
75,Arizona,Arizona College of Nursing-Tempe
76,Arizona,Arizona College of Nursing-Tucson
77,Arizona,Arizona State University Campus Immersion
78,Arizona,Arizona State University Digital Immersion
79,Arkansas,Arkansas Baptist College
80,Arkansas,Arkansas State University
81,Texas,Arlington Baptist University
82,Ohio,Art Academy of Cincinnati
83,California,Art Center College of Design
84,Kentucky,Asbury University
85,California,Ashford University
86,Ohio,Ashland University
87,Arizona,Aspen University
88,Massachusetts,Assumption University
89,Alabama,Athens State University
90,California,ATI College-Whittier
91,Florida,Atlantic Institute of Oriental Medicine
92,Florida,Atlantis University
93,Alabama,Auburn University
94,Alabama,Auburn University at Montgomery
95,Minnesota,Augsburg University
96,Georgia,Augusta University
97,Illinois,Augustana College
98,South Dakota,Augustana University
99,Illinois,Aurora University
100,Texas,Austin College
101,Texas,Austin Graduate School of Theology
102,Tennessee,Austin Peay State University
103,Florida,Ave Maria University
104,Virginia,Averett University
105,Missouri,Avila University
106,California,Azusa Pacific University
107,Massachusetts,Babson College
108,Oklahoma,Bacone College
109,New York,Bais Binyomin Academy
110,Maryland,Bais HaMedrash and Mesivta of Baltimore
111,New York,Bais Medrash Elyon
112,New Jersey,Bais Medrash Toras Chesed
113,Michigan,Baker College
114,Kansas,Baker University
115,Ohio,Baldwin Wallace University
116,Indiana,Ball State University
117,Missouri,Baptist Bible College
118,Tennessee,Baptist Health Sciences University
119,Texas,Baptist Missionary Association Theological Seminary
120,Texas,Baptist University of the Americas
121,Kansas,Barclay College
122,New York,Bard College
123,New York,Barnard College
124,Missouri,Barnes-Jewish College Goldfarb School of Nursing
125,Florida,Barry University
126,North Carolina,Barton College
127,Washington,Bastyr University
128,Maine,Bates College
129,Massachusetts,Bay Path University
130,Texas,Baylor University
131,New York,Be'er Yaakov Talmudic Seminary
132,Florida,Beacon College
133,New York,Beis Medrash Heichal Dovid
134,Mississippi,Belhaven University
135,Kentucky,Bellarmine University
136,Nebraska,Bellevue University
137,Wisconsin,Bellin College
138,North Carolina,Belmont Abbey College
139,Tennessee,Belmont University
140,Wisconsin,Beloit College
141,Minnesota,Bemidji State University
142,South Carolina,Benedict College
143,Kansas,Benedictine College
144,Illinois,Benedictine University
145,North Carolina,Bennett College
146,Vermont,Bennington College
147,Massachusetts,Bentley University
148,Kentucky,Berea College
149,California,Bergin University of Canine Studies
150,New York,Berkeley College-New York
151,Massachusetts,Berklee College of Music
152,Georgia,Berry College
153,New York,Bet Medrash Gadol Ateret Torah
154,New Jersey,Beth Medrash Govoha
155,New York,Beth Medrash Meor Yitzchok
156,New Jersey,Beth Medrash of Asbury Park
157,West Virginia,Bethany College
158,Kansas,Bethany College
159,Minnesota,Bethany Global University
160,Minnesota,Bethany Lutheran College
161,Kansas,Bethel College-North Newton
162,Minnesota,Bethel University
163,Tennessee,Bethel University
164,Indiana,Bethel University
165,California,Bethesda University
166,Minnesota,Bethlehem College & Seminary
167,Florida,Bethune-Cookman University
168,Georgia,Beulah Heights University
169,New York,Binghamton University
170,California,Biola University
171,Alabama,Birmingham-Southern College
172,Oregon,Birthingway College of Midwifery
173,South Dakota,Black Hills State University
174,Illinois,Blackburn College
175,Illinois,Blessing Rieman College of Nursing and Health Sciences
176,New Jersey,Bloomfield College
177,Pennsylvania,Bloomsburg University of Pennsylvania
178,Mississippi,Blue Mountain College
179,West Virginia,Bluefield State College
180,Virginia,Bluefield University
181,Ohio,Bluffton University
182,South Carolina,Bob Jones University
183,Idaho,Boise State University
184,Virginia,Bon Secours Memorial College of Nursing
185,New York,Boricua College
186,Massachusetts,Boston Architectural College
187,Massachusetts,Boston Baptist College
188,Massachusetts,Boston College
189,Massachusetts,Boston University
190,Maine,Bowdoin College
191,Maryland,Bowie State University
192,Ohio,Bowling Green State University-Main Campus
193,Illinois,Bradley University
194,Massachusetts,Brandeis University
195,Georgia,Brenau University
196,Kentucky,Brescia University
197,North Carolina,Brevard College
198,Georgia,Brewton-Parker College
199,Iowa,Briar Cliff University
200,Virginia,Bridgewater College
201,Massachusetts,Bridgewater State University
202,Utah,Brigham Young University
203,Hawaii,Brigham Young University-Hawaii
204,Idaho,Brigham Young University-Idaho
205,New Mexico,Brookline College-Albuquerque
206,Rhode Island,Brown University
207,Nebraska,Bryan College of Health Sciences
208,Tennessee,Bryan College-Dayton
209,Rhode Island,Bryant University
210,Pennsylvania,Bryn Athyn College of the New Church
211,Pennsylvania,Bryn Mawr College
212,Pennsylvania,Bucknell University
213,Iowa,Buena Vista University
214,Oregon,Bushnell University
215,Indiana,Butler University
216,Pennsylvania,Cabrini University
217,Pennsylvania,Cairn University-Langhorne
218,New Jersey,Caldwell University
219,California,California Aeronautical University
220,California,California Arts University
221,California,California Baptist University
222,California,California Christian College
223,California,California College of the Arts
224,California,California Institute of Integral Studies
225,California,California Institute of Technology
226,California,California Institute of the Arts
227,California,California Intercontinental University
228,California,California Jazz Conservatory
229,California,California Lutheran University
230,California,California Miramar University
231,California,California Northstate University
232,California,California Polytechnic State University-San Luis Obispo
233,California,California State Polytechnic University-Humboldt
234,California,California State Polytechnic University-Pomona
235,California,California State University Maritime Academy
236,California,California State University-Bakersfield
237,California,California State University-Channel Islands
238,California,California State University-Chico
239,California,California State University-Dominguez Hills
240,California,California State University-East Bay
241,California,California State University-Fresno
242,California,California State University-Fullerton
243,California,California State University-Long Beach
244,California,California State University-Los Angeles
245,California,California State University-Monterey Bay
246,California,California State University-Northridge
247,California,California State University-Sacramento
248,California,California State University-San Bernardino
249,California,California State University-San Marcos
250,California,California State University-Stanislaus
251,Pennsylvania,California University of Pennsylvania
252,Indiana,Calumet College of Saint Joseph
253,Missouri,Calvary University
254,Michigan,Calvin University
255,Massachusetts,Cambridge College
256,Oklahoma,Cameron University
257,North Carolina,Campbell University
258,Kentucky,Campbellsville University
259,New York,Canisius College
260,Minnesota,Capella University
261,Ohio,Capital University
262,Maryland,Capitol Technology University
263,Wisconsin,Cardinal Stritch University
264,Utah,Careers Unlimited
265,Minnesota,Carleton College
266,Pennsylvania,Carlow University
267,Pennsylvania,Carnegie Mellon University
268,North Carolina,Carolina Christian College
269,North Carolina,Carolina University
270,Montana,Carroll College
271,Wisconsin,Carroll University
272,Tennessee,Carson-Newman University
273,Wisconsin,Carthage College
274,Ohio,Case Western Reserve University
275,Vermont,Castleton University
276,North Carolina,Catawba College
277,West Virginia,Catholic Distance University
278,New York,Cazenovia College
279,Pennsylvania,Cedar Crest College
280,Ohio,Cedarville University
281,Louisiana,Centenary College of Louisiana
282,New Jersey,Centenary University
283,Arkansas,Central Baptist College
284,Kansas,Central Christian College of Kansas
285,Missouri,Central Christian College of the Bible
286,Iowa,Central College
287,Connecticut,Central Connecticut State University
288,Missouri,Central Methodist University-College of Graduate and Extended Studies
289,Missouri,Central Methodist University-College of Liberal Arts and Sciences
290,Michigan,Central Michigan University
291,Pennsylvania,Central Penn College
292,Ohio,Central State University
293,Washington,Central Washington University
294,New York,Central Yeshiva Beth Joseph
295,New York,Central Yeshiva Tomchei Tmimim Lubavitz
296,Kentucky,Centre College
297,Nebraska,Chadron State College
298,Arizona,Chamberlain University-Arizona
299,California,Chamberlain University-California
300,Florida,Chamberlain University-Florida
301,Georgia,Chamberlain University-Georgia
302,Illinois,Chamberlain University-Illinois
303,Indiana,Chamberlain University-Indiana
304,Louisiana,Chamberlain University-Louisiana
305,Michigan,Chamberlain University-Michigan
306,Missouri,Chamberlain University-Missouri
307,Nevada,Chamberlain University-Nevada
308,New Jersey,Chamberlain University-New Jersey
309,North Carolina,Chamberlain University-North Carolina
310,Ohio,Chamberlain University-Ohio
311,Texas,Chamberlain University-Texas
312,Virginia,Chamberlain University-Virginia
313,Hawaii,Chaminade University of Honolulu
314,Arkansas,Champion Christian College
315,Vermont,Champlain College
316,California,Chapman University
317,California,Charles R Drew University of Medicine and Science
318,South Carolina,Charleston Southern University
319,North Carolina,Charlotte Christian College and Theological Seminary
320,Connecticut,Charter Oak State College
321,Pennsylvania,Chatham University
322,Pennsylvania,Chestnut Hill College
323,Pennsylvania,Cheyney University of Pennsylvania
324,Illinois,Chicago State University
325,North Carolina,Chowan University
326,Texas,Christ Mission College
327,Tennessee,Christian Brothers University
328,Virginia,Christopher Newport University
329,Ohio,Cincinnati College of Mortuary Science
330,South Carolina,Citadel Military College of South Carolina
331,Washington,City University of Seattle
332,Missouri,City Vision University
333,South Carolina,Claflin University
334,California,Claremont McKenna College
335,Pennsylvania,Clarion University of Pennsylvania
336,Georgia,Clark Atlanta University
337,Massachusetts,Clark University
338,Iowa,Clarke University
339,Pennsylvania,Clarks Summit University
340,Nebraska,Clarkson College
341,New York,Clarkson University
342,Georgia,Clayton State University
343,Kentucky,Clear Creek Baptist Bible College
344,Michigan,Cleary University
345,South Carolina,Clemson University
346,Ohio,Cleveland Institute of Art
347,Ohio,Cleveland Institute of Music
348,Ohio,Cleveland State University
349,Kansas,Cleveland University-Kansas City
350,South Carolina,Coastal Carolina University
351,Iowa,Coe College
352,South Carolina,Coker University
353,Maine,Colby College
354,New Hampshire,Colby-Sawyer College
355,New York,Colgate University
356,Michigan,College for Creative Studies
357,Texas,College of Biblical Studies-Houston
358,South Carolina,College of Charleston
359,New York,College of Mount Saint Vincent
360,Massachusetts,College of Our Lady of the Elms
361,Minnesota,College of Saint Benedict
362,Nebraska,College of Saint Mary
363,New York,College of Staten Island CUNY
364,Maine,College of the Atlantic
365,Massachusetts,College of the Holy Cross
366,Missouri,College of the Ozarks
367,Rhode Island,College Unbound
368,Colorado,Colorado Christian University
369,Colorado,Colorado College
370,Colorado,Colorado Mesa University
371,Colorado,Colorado School of Mines
372,Colorado,Colorado State University Pueblo
373,Colorado,Colorado State University-Fort Collins
374,Colorado,Colorado State University-Global Campus
375,Colorado,Colorado Technical University-Colorado Springs
376,Missouri,Columbia College
377,South Carolina,Columbia College
378,Illinois,Columbia College Chicago
379,California,Columbia College Hollywood
380,South Carolina,Columbia International University
381,Alabama,Columbia Southern University
382,New York,Columbia University in the City of New York
383,Ohio,Columbus College of Art and Design
384,Georgia,Columbus State University
385,Michigan,Compass College of Film and Media
386,Missouri,Conception Seminary College
387,West Virginia,Concord University
388,Minnesota,Concordia College at Moorhead
389,Michigan,Concordia University Ann Arbor
390,Texas,Concordia University Texas
391,Illinois,Concordia University-Chicago
392,California,Concordia University-Irvine
393,Nebraska,Concordia University-Nebraska
394,Minnesota,Concordia University-Saint Paul
395,Wisconsin,Concordia University-Wisconsin
396,New York,Congregation Talmidei Mesivta Tiferes Shmiel Aleksander
397,Connecticut,Connecticut College
398,South Carolina,Converse University
399,New York,Cooper Union for the Advancement of Science and Art
400,Maryland,Coppin State University
401,Oregon,Corban University
402,Iowa,Cornell College
403,New York,Cornell University
404,Michigan,Cornerstone University
405,Washington,Cornish College of the Arts
406,Georgia,Covenant College
407,Missouri,Cox College
408,Nebraska,Creighton University
409,Texas,Criswell College
410,Arkansas,Crowley's Ridge College
411,Minnesota,Crown College
412,Missouri,Culver-Stockton College
413,Tennessee,Cumberland University
414,New York,CUNY Bernard M Baruch College
415,New York,CUNY Brooklyn College
416,New York,CUNY City College
417,New York,CUNY Graduate School and University Center
418,New York,CUNY Hunter College
419,New York,CUNY John Jay College of Criminal Justice
420,New York,CUNY Lehman College
421,New York,CUNY Medgar Evers College
422,New York,CUNY New York City College of Technology
423,New York,CUNY Queens College
424,New York,CUNY York College
425,Massachusetts,Curry College
426,Pennsylvania,Curtis Institute of Music
427,New York,D'Youville College
428,New York,Daemen University
429,South Dakota,Dakota State University
430,South Dakota,Dakota Wesleyan University
431,Texas,Dallas Baptist University
432,Texas,Dallas Christian College
433,Georgia,Dalton State College
434,New Hampshire,Dartmouth College
435,Michigan,Davenport University
436,North Carolina,Davidson College
437,West Virginia,Davis & Elkins College
438,New York,Davis College
439,Massachusetts,Dean College
440,Ohio,Defiance College
441,Delaware,Delaware State University
442,Pennsylvania,Delaware Valley University
443,Mississippi,Delta State University
444,Ohio,Denison University
445,Colorado,Denver College of Nursing
446,Illinois,DePaul University
447,Indiana,DePauw University
448,Pennsylvania,DeSales University
449,California,Design Institute of San Diego
450,New York,DeVry College of New York
451,Arizona,DeVry University-Arizona
452,California,DeVry University-California
453,Colorado,DeVry University-Colorado
454,Florida,DeVry University-Florida
455,Georgia,DeVry University-Georgia
456,Illinois,DeVry University-Illinois
457,Indiana,DeVry University-Indiana
458,Missouri,DeVry University-Missouri
459,Nevada,DeVry University-Nevada
460,New Jersey,DeVry University-New Jersey
461,North Carolina,DeVry University-North Carolina
462,Ohio,DeVry University-Ohio
463,Pennsylvania,DeVry University-Pennsylvania
464,Tennessee,DeVry University-Tennessee
465,Texas,DeVry University-Texas
466,Virginia,DeVry University-Virginia
467,Pennsylvania,Dickinson College
468,North Dakota,Dickinson State University
469,Washington,DigiPen Institute of Technology
470,Louisiana,Dillard University
471,Iowa,Divine Word College
472,Nebraska,Doane University
473,New York,Dominican College of Blauvelt
474,Illinois,Dominican University
475,California,Dominican University of California
476,Iowa,Dordt University
477,Iowa,Drake University
478,New Jersey,Drew University
479,Pennsylvania,Drexel University
480,Missouri,Drury University
481,Missouri,Drury University-College of Continuing Professional Studies
482,North Carolina,Duke University
483,Pennsylvania,Duquesne University
484,Utah,Eagle Gate College-Layton
485,Utah,Eagle Gate College-Murray
486,Indiana,Earlham College
487,North Carolina,East Carolina University
488,Oklahoma,East Central University
489,Pennsylvania,East Stroudsburg University of Pennsylvania
490,Tennessee,East Tennessee State University
491,Texas,East Texas Baptist University
492,Illinois,East-West University
493,Connecticut,Eastern Connecticut State University
494,Illinois,Eastern Illinois University
495,Kentucky,Eastern Kentucky University
496,Virginia,Eastern Mennonite University
497,Michigan,Eastern Michigan University
498,Massachusetts,Eastern Nazarene College
499,New Mexico,Eastern New Mexico University-Main Campus
500,Oregon,Eastern Oregon University
501,Pennsylvania,Eastern University
502,Washington,Eastern Washington University
503,Arkansas,Ecclesia College
504,Florida,Eckerd College
505,Wisconsin,Edgewood College
506,Pennsylvania,Edinboro University of Pennsylvania
507,Florida,Edward Waters University
508,North Carolina,Elizabeth City State University
509,Pennsylvania,Elizabethtown College
510,Illinois,Elmhurst University
511,New York,Elmira College
512,North Carolina,Elon University
513,Florida,Embry-Riddle Aeronautical University-Daytona Beach
514,Arizona,Embry-Riddle Aeronautical University-Prescott
515,Florida,Embry-Riddle Aeronautical University-Worldwide
516,Massachusetts,Emerson College
517,Georgia,Emmanuel College
518,Massachusetts,Emmanuel College
519,Iowa,Emmaus Bible College
520,Virginia,Emory & Henry College
521,Georgia,Emory University
522,Kansas,Emporia State University
523,Massachusetts,Endicott College
524,California,Epic Bible College & Graduate School
525,South Carolina,Erskine College
526,Illinois,Eureka College
527,Missouri,Evangel University
528,Florida,Everglades University
529,New York,Excelsior College
530,Virginia,Fairfax University of America
531,Connecticut,Fairfield University
532,New Jersey,Fairleigh Dickinson University-Florham Campus
533,New Jersey,Fairleigh Dickinson University-Metropolitan Campus
534,West Virginia,Fairmont State University
535,Iowa,Faith Baptist Bible College and Theological Seminary
536,Washington,Faith International University
537,Oklahoma,Family of Faith Christian University
538,New York,Farmingdale State College
539,Alabama,Faulkner University
540,North Carolina,Fayetteville State University
541,New Jersey,Felician University
542,Michigan,Ferris State University
543,Virginia,Ferrum College
544,Michigan,Finlandia University
545,Massachusetts,Fisher College
546,Tennessee,Fisk University
547,Massachusetts,Fitchburg State University
548,New York,Five Towns College
549,Florida,Flagler College
550,Florida,Florida Agricultural and Mechanical University
551,Florida,Florida Atlantic University
552,Florida,Florida Gulf Coast University
553,Florida,Florida Institute of Technology
554,Florida,Florida Institute of Technology-Online
555,Florida,Florida International University
556,Florida,Florida Memorial University
557,Florida,Florida National University-Main Campus
558,Florida,Florida Polytechnic University
559,Florida,Florida Southern College
560,Florida,Florida State University
561,Missouri,Fontbonne University
562,New York,Fordham University
563,Kansas,Fort Hays State University
564,Colorado,Fort Lewis College
565,Georgia,Fort Valley State University
566,Massachusetts,Framingham State University
567,South Carolina,Francis Marion University
568,Louisiana,Franciscan Missionaries of Our Lady University
569,Ohio,Franciscan University of Steubenville
570,Pennsylvania,Franklin and Marshall College
571,Indiana,Franklin College
572,New Hampshire,Franklin Pierce University
573,Ohio,Franklin University
574,Massachusetts,Franklin W Olin College of Engineering
575,Tennessee,Freed-Hardeman University
576,California,Fresno Pacific University
577,Kansas,Friends University
578,Maryland,Frostburg State University
579,Florida,Full Sail University
580,South Carolina,Furman University
581,Kentucky,Galen College of Nursing-Louisville
582,District of Columbia,Gallaudet University
583,Pennsylvania,Gannon University
584,North Carolina,Gardner-Webb University
585,Texas,Gemini School of Visual Arts & Communication
586,Pennsylvania,Geneva College
587,Oregon,George Fox University
588,Virginia,George Mason University
589,District of Columbia,George Washington University
590,Kentucky,Georgetown College
591,District of Columbia,Georgetown University
592,Georgia,Georgia College & State University
593,Georgia,Georgia Gwinnett College
594,Georgia,Georgia Institute of Technology-Main Campus
595,Georgia,Georgia Southern University
596,Georgia,Georgia Southwestern State University
597,Georgia,Georgia State University
598,New Jersey,Georgian Court University
599,Pennsylvania,Gettysburg College
600,West Virginia,Glenville State University
601,Vermont,Goddard College
602,Ohio,Gods Bible School and College
603,California,Golden Gate University
604,Delaware,Goldey-Beacom College
605,Washington,Gonzaga University
606,Massachusetts,Gordon College
607,Indiana,Goshen College
608,Maryland,Goucher College
609,Illinois,Governors State University
610,Michigan,Grace Christian University
611,Indiana,Grace College and Theological Seminary
612,California,Grace Mission University
613,Texas,Grace School of Theology
614,Iowa,Graceland University-Lamoni
615,Louisiana,Grambling State University
616,Arizona,Grand Canyon University
617,Michigan,Grand Valley State University
618,Iowa,Grand View University
619,New Hampshire,Granite State College
620,Kansas,Grantham University
621,Pennsylvania,Gratz College
622,Michigan,Great Lakes Christian College
623,Washington,Great Northern University
624,North Carolina,Greensboro College
625,Illinois,Greenville University
626,Iowa,Grinnell College
627,Pennsylvania,Grove City College
628,North Carolina,Guilford College
629,Minnesota,Gustavus Adolphus College
630,Pennsylvania,Gwynedd Mercy University
631,Texas,Hallmark University
632,New York,Hamilton College
633,Minnesota,Hamline University
634,Virginia,Hampden-Sydney College
635,Massachusetts,Hampshire College
636,Virginia,Hampton University
637,Missouri,Hannibal-LaGrange University
638,Indiana,Hanover College
639,Texas,Hardin-Simmons University
640,Arkansas,Harding University
641,Missouri,Harris-Stowe State University
642,Pennsylvania,Harrisburg University of Science and Technology
643,New York,Hartwick College
644,Massachusetts,Harvard University
645,California,Harvey Mudd College
646,Kansas,Haskell Indian Nations University
647,Nebraska,Hastings College
648,California,Haven University
649,Pennsylvania,Haverford College
650,Hawaii,Hawaii Pacific University
651,Massachusetts,Hebrew College
652,Illinois,Hebrew Theological College
653,Ohio,Heidelberg University
654,Massachusetts,Hellenic College-Holy Cross Greek Orthodox School of Theology
655,Arkansas,Henderson State University
656,Arkansas,Hendrix College
657,North Carolina,Heritage Bible College
658,Alabama,Heritage Christian University
659,Washington,Heritage University
660,Wisconsin,Herzing University-Kenosha
661,Wisconsin,Herzing University-Madison
662,Minnesota,Herzing University-Minneapolis
663,North Carolina,High Point University
664,New York,Hilbert College
665,Michigan,Hillsdale College
666,Ohio,Hiram College
667,New York,Hobart William Smith Colleges
668,Florida,Hobe Sound Bible College
669,Florida,Hodges University
670,New York,Hofstra University
671,Virginia,Hollins University
672,Connecticut,Holy Apostles College and Seminary
673,Indiana,Holy Cross College
674,Pennsylvania,Holy Family University
675,California,Holy Names University
676,Maryland,Hood College
677,Michigan,Hope College
678,California,Hope International University
679,Indiana,Horizon University
680,New York,Houghton College
681,Texas,Houston Baptist University
682,Texas,Howard Payne University
683,District of Columbia,Howard University
684,Massachusetts,Hult International Business School
685,California,Humphreys University-Stockton and Modesto Campuses
686,Alabama,Huntingdon College
687,Indiana,Huntington University
688,Alabama,Huntsville Bible College
689,California,Hussian College-Los Angeles
690,Pennsylvania,Hussian College-Philadelphia
691,Maine,Husson University
692,Texas,Huston-Tillotson University
693,Idaho,Idaho State University
694,Virginia,IGlobal University
695,Illinois,Illinois College
696,Illinois,Illinois Institute of Technology
697,Illinois,Illinois State University
698,Illinois,Illinois Wesleyan University
699,Pennsylvania,Immaculata University
700,Indiana,Indiana Institute of Technology
701,Indiana,Indiana Institute of Technology-College of Professional Studies
702,Indiana,Indiana State University
703,Pennsylvania,Indiana University of Pennsylvania-Main Campus
704,Indiana,Indiana University-Bloomington
705,Indiana,Indiana University-East
706,Indiana,Indiana University-Kokomo
707,Indiana,Indiana University-Northwest
708,Indiana,Indiana University-Purdue University-Indianapolis
709,Indiana,Indiana University-South Bend
710,Indiana,Indiana University-Southeast
711,Indiana,Indiana Wesleyan University-Marion
712,Indiana,Indiana Wesleyan University-National & Global
713,New Mexico,Institute of American Indian and Alaska Native Culture and Arts Development
714,South Dakota,Institute of Lutheran Theology
715,Arizona,International Baptist College and Seminary
716,New York,Iona College
717,Iowa,Iowa State University
718,Iowa,Iowa Wesleyan University
719,New York,Ithaca College
720,Mississippi,Jackson State University
721,Alabama,Jacksonville State University
722,Florida,Jacksonville University
723,Virginia,James Madison University
724,Texas,Jarvis Christian University
725,New York,Jewish Theological Seminary of America
726,Arkansas,John Brown University
727,Ohio,John Carroll University
728,Indiana,John Patrick University of Health and Applied Sciences
729,California,John Paul the Great Catholic University
730,Maryland,Johns Hopkins University
731,North Carolina,Johnson & Wales University-Charlotte
732,Rhode Island,Johnson & Wales University-Online
733,Rhode Island,Johnson & Wales University-Providence
734,North Carolina,Johnson C Smith University
735,Tennessee,Johnson University
736,Florida,Johnson University Florida
737,Illinois,Judson University
738,Pennsylvania,Juniata College
739,Michigan,Kalamazoo College
740,Missouri,Kansas City Art Institute
741,Kansas,Kansas State University
742,Kansas,Kansas Wesleyan University
743,New Jersey,Kean University
744,New Hampshire,Keene State College
745,New York,Kehilath Yakov Rabbinical Seminary
746,Georgia,Kennesaw State University
747,Ohio,Kent State University at Kent
748,Kentucky,Kentucky Christian University
749,Kentucky,Kentucky State University
750,Kentucky,Kentucky Wesleyan College
751,Ohio,Kenyon College
752,New Jersey,Keser Torah-Mayan Hatalmud
753,Ohio,Kettering College
754,Michigan,Kettering University
755,New York,Keuka College
756,Pennsylvania,Keystone College
757,Tennessee,King University
758,Pennsylvania,King's College
759,Illinois,Knox College
760,Pennsylvania,Kutztown University of Pennsylvania
761,Michigan,Kuyper College
762,Pennsylvania,La Roche University
763,Pennsylvania,La Salle University
764,California,La Sierra University
765,Pennsylvania,Lafayette College
766,Georgia,LaGrange College
767,California,Laguna College of Art and Design
768,Ohio,Lake Erie College
769,Illinois,Lake Forest College
770,Michigan,Lake Superior State University
771,Wisconsin,Lakeland University
772,Illinois,Lakeview College of Nursing
773,Texas,Lamar University
774,Pennsylvania,Lancaster Bible College
775,South Carolina,Lander University
776,Tennessee,Lane College
777,Oklahoma,Langston University
778,Massachusetts,Lasell University
779,Michigan,Lawrence Technological University
780,Wisconsin,Lawrence University
781,New York,Le Moyne College
782,Tennessee,Le Moyne-Owen College
783,Pennsylvania,Lebanon Valley College
784,Tennessee,Lee University
785,North Carolina,Lees-McRae College
786,Pennsylvania,Lehigh University
787,North Carolina,Lenoir-Rhyne University
788,Massachusetts,Lesley University
789,Texas,LeTourneau University
790,Oregon,Lewis & Clark College
791,Illinois,Lewis University
792,Idaho,Lewis-Clark State College
793,Virginia,Liberty University
794,California,Life Pacific University
795,Georgia,Life University
796,New York,LIM College
797,South Carolina,Limestone University
798,Illinois,Lincoln Christian University
799,Illinois,Lincoln College
800,Tennessee,Lincoln Memorial University
801,Pennsylvania,Lincoln University
802,California,Lincoln University
803,Missouri,Lincoln University
804,Missouri,Lindenwood University
805,Kentucky,Lindsey Wilson College
806,Oregon,Linfield University-McMinnville Campus
807,Oregon,Linfield University-Online and Continuing Education
808,Oregon,Linfield University-School of Nursing
809,Tennessee,Lipscomb University
810,North Carolina,Livingstone College
811,Pennsylvania,Lock Haven University
812,Missouri,Logan University
813,California,Loma Linda University
814,New York,Long Island University
815,Virginia,Longwood University
816,Iowa,Loras College
817,California,Los Angeles Academy of Figurative Art
818,California,Los Angeles College of Music
819,California,Los Angeles Pacific University
820,Louisiana,Louisiana College
821,Louisiana,Louisiana State University and Agricultural & Mechanical College
822,Louisiana,Louisiana State University Health Sciences Center-New Orleans
823,Louisiana,Louisiana State University Health Sciences Center-Shreveport
824,Louisiana,Louisiana State University-Alexandria
825,Louisiana,Louisiana State University-Shreveport
826,Louisiana,Louisiana Tech University
827,Ohio,Lourdes University
828,California,Loyola Marymount University
829,Illinois,Loyola University Chicago
830,Maryland,Loyola University Maryland
831,Louisiana,Loyola University New Orleans
832,Texas,Lubbock Christian University
833,Iowa,Luther College
834,Georgia,Luther Rice College & Seminary
835,Pennsylvania,Lycoming College
836,Florida,Lynn University
837,Arkansas,Lyon College
838,Minnesota,Macalester College
839,New York,Machzikei Hadath Rabbinical College
840,Michigan,Madonna University
841,New Hampshire,Magdalen College
842,Iowa,Maharishi International University
843,Maine,Maine College of Art & Design
844,Maine,Maine Maritime Academy
845,Ohio,Malone University
846,Indiana,Manchester University
847,Kansas,Manhattan Christian College
848,New York,Manhattan College
849,New York,Manhattan School of Music
850,New York,Manhattanville College
851,North Carolina,Manna University
852,Pennsylvania,Mansfield University of Pennsylvania
853,Wisconsin,Maranatha Baptist University
854,Indiana,Marian University
855,Wisconsin,Marian University
856,Ohio,Marietta College
857,New York,Marist College
858,Wisconsin,Marquette University
859,North Carolina,Mars Hill University
860,West Virginia,Marshall University
861,Minnesota,Martin Luther College
862,Indiana,Martin University
863,Virginia,Mary Baldwin University
864,Maryland,Maryland Institute College of Art
865,California,Marymount California University
866,New York,Marymount Manhattan College
867,Virginia,Marymount University
868,Tennessee,Maryville College
869,Missouri,Maryville University of Saint Louis
870,Pennsylvania,Marywood University
871,Massachusetts,Massachusetts College of Art and Design
872,Massachusetts,Massachusetts College of Liberal Arts
873,Massachusetts,Massachusetts Institute of Technology
874,Massachusetts,Massachusetts Maritime Academy
875,North Dakota,Mayville State University
876,Maryland,McDaniel College
877,Illinois,McKendree University
878,Texas,McMurry University
879,Louisiana,McNeese State University
880,Kansas,McPherson College
881,Massachusetts,MCPHS University
882,New York,Mechon L'hoyroa
883,New York,Medaille College
884,South Carolina,Medical University of South Carolina
885,California,Menlo College
886,Georgia,Mercer University
887,New York,Mercy College
888,Iowa,Mercy College of Health Sciences
889,Pennsylvania,Mercyhurst University
890,North Carolina,Meredith College
891,Massachusetts,Merrimack College
892,New York,Mesivta Torah Vodaath Rabbinical Seminary
893,New York,Mesivtha Tifereth Jerusalem of America
894,Texas,Messenger College
895,Pennsylvania,Messiah University
896,Illinois,Methodist College
897,North Carolina,Methodist University
898,New York,Metropolitan College of New York
899,Minnesota,Metropolitan State University
900,Colorado,Metropolitan State University of Denver
901,Massachusetts,MGH Institute of Health Professions
902,Texas,Miami International University of Art & Design-Art Institute Dallas
903,Florida,Miami Regional University
904,Ohio,Miami University-Hamilton
905,Ohio,Miami University-Middletown
906,Ohio,Miami University-Oxford
907,Michigan,Michigan State University
908,Michigan,Michigan Technological University
909,Oklahoma,Mid-America Christian University
910,North Carolina,Mid-Atlantic Christian University
911,Tennessee,Mid-South Christian College
912,Kansas,MidAmerica Nazarene University
913,Georgia,Middle Georgia State University
914,Tennessee,Middle Tennessee State University
915,Vermont,Middlebury College
916,California,Middlebury Institute of International Studies at Monterey
917,Nebraska,Midland University
918,Kentucky,Midway University
919,Missouri,Midwestern Baptist Theological Seminary
920,Texas,Midwestern State University
921,Utah,Midwives College of Utah
922,Alabama,Miles College
923,Florida,Millennia Atlantic University
924,Pennsylvania,Millersville University of Pennsylvania
925,Tennessee,Milligan University
926,Illinois,Millikin University
927,California,Mills College
928,Mississippi,Millsaps College
929,Wisconsin,Milwaukee Institute of Art & Design
930,Wisconsin,Milwaukee School of Engineering
931,California,Minerva University
932,Minnesota,Minneapolis College of Art and Design
933,Minnesota,Minnesota State University Moorhead
934,Minnesota,Minnesota State University-Mankato
935,North Dakota,Minot State University
936,Pennsylvania,Misericordia University
937,Mississippi,Mississippi College
938,Mississippi,Mississippi State University
939,Mississippi,Mississippi University for Women
940,Mississippi,Mississippi Valley State University
941,Missouri,Missouri Baptist University
942,Missouri,Missouri Southern State University
943,Missouri,Missouri State University-Springfield
944,Missouri,Missouri University of Science and Technology
945,Missouri,Missouri Valley College
946,Missouri,Missouri Western State University
947,Connecticut,Mitchell College
948,New York,Molloy College
949,Illinois,Monmouth College
950,New Jersey,Monmouth University
951,New York,Monroe College
952,Montana,Montana Bible College
953,Montana,Montana State University
954,Montana,Montana State University Billings
955,Montana,Montana State University-Northern
956,Montana,Montana Technological University
957,New Jersey,Montclair State University
958,North Carolina,Montreat College
959,Massachusetts,Montserrat College of Art
960,Illinois,Moody Bible Institute
961,Pennsylvania,Moore College of Art and Design
962,Pennsylvania,Moravian University
963,Kentucky,Morehead State University
964,Georgia,Morehouse College
965,Maryland,Morgan State University
966,Iowa,Morningside University
967,South Carolina,Morris College
968,Pennsylvania,Mount Aloysius College
969,Oregon,Mount Angel Seminary
970,Ohio,Mount Carmel College of Nursing
971,Massachusetts,Mount Holyoke College
972,South Dakota,Mount Marty University
973,Wisconsin,Mount Mary University
974,Iowa,Mount Mercy University
975,Ohio,Mount Saint Joseph University
976,New York,Mount Saint Mary College
977,California,Mount Saint Mary's University
978,Maryland,Mount St. Mary's University
979,Ohio,Mount Vernon Nazarene University
980,Pennsylvania,Muhlenberg College
981,Oregon,Multnomah University
982,Kentucky,Murray State University
983,Ohio,Muskingum University
984,Colorado,Naropa University
985,South Dakota,National American University-Ellsworth AFB Extension
986,Georgia,National American University-Kings Bay
987,South Dakota,National American University-Rapid City
988,Illinois,National Louis University
989,California,National University
990,Illinois,National University of Health Sciences
991,Oregon,National University of Natural Medicine
992,Colorado,Nazarene Bible College
993,New York,Nazareth College
994,Nebraska,Nebraska Methodist College of Nursing & Allied Health
995,Nebraska,Nebraska Wesleyan University
996,Maryland,Ner Israel Rabbinical College
997,Pennsylvania,Neumann University
998,Utah,Neumont College of Computer Science
999,Nevada,Nevada State College
1000,Florida,New College of Florida
1001,New Hampshire,New England College
1002,Oregon,New Hope Christian College-Eugene
1003,New Jersey,New Jersey City University
1004,New Jersey,New Jersey Institute of Technology
1005,New Mexico,New Mexico Highlands University
1006,New Mexico,New Mexico Institute of Mining and Technology
1007,New Mexico,New Mexico State University-Main Campus
1008,Louisiana,New Orleans Baptist Theological Seminary
1009,Idaho,New Saint Andrews College
1010,California,New York Film Academy
1011,New York,New York Institute of Technology
1012,New York,New York School of Interior Design
1013,New York,New York University
1014,South Carolina,Newberry College
1015,Kansas,Newman University
1016,California,Newschool of Architecture and Design
1017,District of Columbia,NewU University
1018,New York,Niagara University
1019,Louisiana,Nicholls State University
1020,Massachusetts,Nichols College
1021,Utah,Nightingale College
1022,Virginia,Norfolk State University
1023,Texas,North American University
1024,North Carolina,North Carolina A & T State University
1025,North Carolina,North Carolina Central University
1026,North Carolina,North Carolina State University at Raleigh
1027,North Carolina,North Carolina Wesleyan College
1028,Illinois,North Central College
1029,Minnesota,North Central University
1030,North Dakota,North Dakota State University-Main Campus
1031,South Carolina,North Greenville University
1032,Illinois,North Park University
1033,California,Northcentral University
1034,Illinois,Northeastern Illinois University
1035,Oklahoma,Northeastern State University
1036,Massachusetts,Northeastern University
1037,Massachusetts,Northeastern University Professional Programs
1038,Arizona,Northern Arizona University
1039,Illinois,Northern Illinois University
1040,Kentucky,Northern Kentucky University
1041,Michigan,Northern Michigan University
1042,South Dakota,Northern State University
1043,Vermont,Northern Vermont University
1044,Wisconsin,Northland College
1045,Massachusetts,Northpoint Bible College
1046,Washington,Northwest College of Art & Design
1047,Missouri,Northwest Missouri State University
1048,Idaho,Northwest Nazarene University
1049,Washington,Northwest University
1050,Washington,Northwest University-Center for Online and Extended Education
1051,Iowa,Northwestern College
1052,Minnesota,Northwestern Health Sciences University
1053,Oklahoma,Northwestern Oklahoma State University
1054,Louisiana,Northwestern State University of Louisiana
1055,Illinois,Northwestern University
1056,Michigan,Northwood University
1057,Vermont,Norwich University
1058,Tennessee,Nossi College of Art
1059,Ohio,Notre Dame College
1060,California,Notre Dame de Namur University
1061,Maryland,Notre Dame of Maryland University
1062,Florida,Nova Southeastern University
1063,New York,Nyack College
1064,Minnesota,Oak Hills Christian College
1065,Illinois,Oak Point University
1066,California,Oak Valley College
1067,Indiana,Oakland City University
1068,Michigan,Oakland University
1069,Alabama,Oakwood University
1070,Ohio,Oberlin College
1071,California,Occidental College
1072,Georgia,Oglethorpe University
1073,Ohio,Ohio Christian University
1074,Ohio,Ohio Dominican University
1075,Ohio,Ohio Northern University
1076,Ohio,Ohio State University-Main Campus
1077,Ohio,Ohio University-Main Campus
1078,Ohio,Ohio Wesleyan University
1079,New York,Ohr Hameir Theological Seminary
1080,Oklahoma,Oklahoma Baptist University
1081,Oklahoma,Oklahoma Christian University
1082,Oklahoma,Oklahoma City University
1083,Oklahoma,Oklahoma Panhandle State University
1084,Oklahoma,Oklahoma State University-Main Campus
1085,Oklahoma,Oklahoma Wesleyan University
1086,Virginia,Old Dominion University
1087,Michigan,Olivet College
1088,Illinois,Olivet Nazarene University
1089,Oklahoma,Oral Roberts University
1090,Oregon,Oregon Health & Science University
1091,Oregon,Oregon Institute of Technology
1092,Oregon,Oregon State University
1093,Oregon,Oregon State University-Cascades Campus
1094,California,Otis College of Art and Design
1095,Kansas,Ottawa University-Kansas City
1096,Wisconsin,Ottawa University-Milwaukee
1097,Kansas,Ottawa University-Online
1098,Kansas,Ottawa University-Ottawa
1099,Arizona,Ottawa University-Phoenix
1100,Arizona,Ottawa University-Surprise
1101,Ohio,Otterbein University
1102,Arkansas,Ouachita Baptist University
1103,Texas,Our Lady of the Lake University
1104,Missouri,Ozark Christian College
1105,New York,Pace University
1106,California,Pacific College of Health and Science
1107,New York,Pacific College of Health and Science
1108,Washington,Pacific Lutheran University
1109,Oregon,Pacific Northwest College of Art
1110,California,Pacific Oaks College
1111,Hawaii,Pacific Rim Christian University
1112,California,Pacific States University
1113,California,Pacific Union College
1114,Oregon,Pacific University
1115,Connecticut,Paier College
1116,Georgia,Paine College
1117,Florida,Palm Beach Atlantic University
1118,Iowa,Palmer College of Chiropractic
1119,California,Palo Alto University
1120,Missouri,Park University
1121,Texas,Parker University
1122,California,Pathways College
1123,Virginia,Patrick Henry College
1124,Texas,Paul Quinn College
1125,New York,Paul Smiths College of Arts and Science
1126,Pennsylvania,Peirce College
1127,Pennsylvania,Pennsylvania Academy of the Fine Arts
1128,Pennsylvania,Pennsylvania College of Art and Design
1129,California,Pepperdine University
1130,Nebraska,Peru State College
1131,North Carolina,Pfeiffer University
1132,Arkansas,Philander Smith College
1133,New York,Phillips School of Nursing at Mount Sinai Beth Israel
1134,Georgia,Piedmont University
1135,New Jersey,Pillar College
1136,Massachusetts,Pine Manor College
1137,Kansas,Pittsburg State University
1138,California,Pitzer College
1139,Colorado,Platt College-Aurora
1140,California,Platt College-San Diego
1141,New Hampshire,Plymouth State University
1142,California,Point Loma Nazarene University
1143,Pennsylvania,Point Park University
1144,Georgia,Point University
1145,Florida,Polytechnic University of Puerto Rico-Miami
1146,Florida,Polytechnic University of Puerto Rico-Orlando
1147,California,Pomona College
1148,Ohio,Pontifical College Josephinum
1149,Oregon,Portland State University
1150,Connecticut,Post University
1151,Texas,Prairie View A & M University
1152,New York,Pratt Institute-Main
1153,South Carolina,Presbyterian College
1154,California,Presbyterian Theological Seminary in America
1155,Arizona,Prescott College
1156,South Dakota,Presentation College
1157,New Jersey,Princeton University
1158,Illinois,Principia College
1159,California,Providence Christian College
1160,Rhode Island,Providence College
1161,Utah,Provo College
1162,Indiana,Purdue University Fort Wayne
1163,Indiana,Purdue University Global
1164,Indiana,Purdue University Northwest
1165,Indiana,Purdue University-Main Campus
1166,North Carolina,Queens University of Charlotte
1167,Illinois,Quincy University
1168,Connecticut,Quinnipiac University
1169,New Jersey,Rabbi Jacob Joseph School
1170,New York,Rabbinical Academy Mesivta Rabbi Chaim Berlin
1171,New York,Rabbinical College Bobover Yeshiva Bnei Zion
1172,New Jersey,Rabbinical College of America
1173,New York,Rabbinical College of Long Island
1174,New York,Rabbinical College of Ohr Shimon Yisroel
1175,New York,Rabbinical College Ohr Yisroel
1176,Ohio,Rabbinical College Telshe
1177,New Jersey,Rabbinical Seminary Mkor Chaim
1178,New York,Rabbinical Seminary of America
1179,Virginia,Radford University
1180,New Jersey,Ramapo College of New Jersey
1181,Oklahoma,Randall University
1182,Virginia,Randolph College
1183,Virginia,Randolph-Macon College
1184,Oregon,Reed College
1185,Georgia,Reformed University
1186,Virginia,Regent University
1187,Massachusetts,Regis College
1188,Colorado,Regis University
1189,Georgia,Reinhardt University
1190,New York,Rensselaer Polytechnic Institute
1191,Missouri,Research College of Nursing
1192,Rhode Island,Rhode Island College
1193,Rhode Island,Rhode Island School of Design
1194,Tennessee,Rhodes College
1195,Texas,Rice University
1196,New Jersey,Rider University
1197,Florida,Ringling College of Art and Design
1198,Wisconsin,Ripon College
1199,New Hampshire,Rivier University
1200,Virginia,Roanoke College
1201,Pennsylvania,Robert Morris University
1202,New York,Roberts Wesleyan College
1203,New York,Rochester Institute of Technology
1204,Michigan,Rochester University
1205,Illinois,Rockford University
1206,Missouri,Rockhurst University
1207,Montana,Rocky Mountain College
1208,Colorado,Rocky Mountain College of Art and Design
1209,Rhode Island,Roger Williams University
1210,Oklahoma,Rogers State University
1211,Florida,Rollins College
1212,Illinois,Roosevelt University
1213,Indiana,Rose-Hulman Institute of Technology
1214,Nevada,Roseman University of Health Sciences
1215,Pennsylvania,Rosemont College
1216,New Jersey,Rowan University
1217,Illinois,Rush University
1218,New York,Russell Sage College
1219,Mississippi,Rust College
1220,New Jersey,Rutgers University-Camden
1221,New Jersey,Rutgers University-New Brunswick
1222,New Jersey,Rutgers University-Newark
1223,Michigan,Sacred Heart Major Seminary
1224,Connecticut,Sacred Heart University
1225,Michigan,Saginaw Valley State University
1226,Iowa,Saint Ambrose University
1227,New Hampshire,Saint Anselm College
1228,Illinois,Saint Anthony College of Nursing
1229,North Carolina,Saint Augustine's University
1230,Pennsylvania,Saint Charles Borromeo Seminary-Overbrook
1231,Minnesota,Saint Cloud State University
1232,Texas,Saint Edward's University
1233,New Jersey,Saint Elizabeth University
1234,Illinois,Saint Francis Medical Center College of Nursing
1235,Pennsylvania,Saint Francis University
1236,New York,Saint John Fisher College
1237,Massachusetts,Saint John's Seminary
1238,Minnesota,Saint Johns University
1239,Louisiana,Saint Joseph Seminary College
1240,Maine,Saint Joseph's College of Maine
1241,Pennsylvania,Saint Joseph's University
1242,Florida,Saint Leo University
1243,Missouri,Saint Louis Christian College
1244,Missouri,Saint Louis University
1245,Washington,Saint Martin's University
1246,Indiana,Saint Mary's College
1247,California,Saint Mary's College of California
1248,Minnesota,Saint Mary's University of Minnesota
1249,Indiana,Saint Mary-of-the-Woods College
1250,Vermont,Saint Michael's College
1251,Wisconsin,Saint Norbert College
1252,New Jersey,Saint Peter's University
1253,Pennsylvania,Saint Vincent College
1254,Illinois,Saint Xavier University
1255,North Carolina,Salem College
1256,Massachusetts,Salem State University
1257,West Virginia,Salem University
1258,Maryland,Salisbury University
1259,Rhode Island,Salve Regina University
1260,Texas,Sam Houston State University
1261,Alabama,Samford University
1262,California,Samuel Merritt University
1263,California,San Diego Christian College
1264,California,San Diego State University
1265,California,San Francisco Art Institute
1266,California,San Francisco Bay University
1267,California,San Francisco Conservatory of Music
1268,California,San Francisco State University
1269,Florida,San Ignacio University
1270,California,San Jose State University
1271,Maryland,SANS Technology Institute
1272,California,Santa Clara University
1273,New York,Sarah Lawrence College
1274,Georgia,Savannah College of Art and Design
1275,Georgia,Savannah State University
1276,Florida,Schiller International University
1277,Illinois,School of the Art Institute of Chicago
1278,New York,School of Visual Arts
1279,Texas,Schreiner University
1280,California,Scripps College
1281,Washington,Seattle Film Institute
1282,Washington,Seattle Pacific University
1283,Washington,Seattle University
1284,Virginia,Sentara College of Health Sciences
1285,New Jersey,Seton Hall University
1286,Pennsylvania,Seton Hill University
1287,New York,Sh'or Yoshuv Rabbinical College
1288,California,Shasta Bible College and Graduate School
1289,North Carolina,Shaw University
1290,Ohio,Shawnee State University
1291,Virginia,Shenandoah University
1292,West Virginia,Shepherd University
1293,Pennsylvania,Shippensburg University of Pennsylvania
1294,Georgia,Shorter University
1295,New York,Siena College
1296,Michigan,Siena Heights University
1297,Nevada,Sierra Nevada University
1298,Massachusetts,Simmons University
1299,Iowa,Simpson College
1300,California,Simpson University
1301,South Dakota,Sinte Gleska University
1302,South Dakota,Sioux Falls Seminary
1303,New York,Skidmore College
1304,Pennsylvania,Slippery Rock University of Pennsylvania
1305,Massachusetts,Smith College
1306,California,Sofia University
1307,California,Soka University of America
1308,California,Sonoma State University
1309,South Carolina,South Carolina State University
1310,South Dakota,South Dakota School of Mines and Technology
1311,South Dakota,South Dakota State University
1312,Florida,South Florida Bible College and Theological Seminary
1313,Texas,South University-Austin
1314,South Carolina,South University-Columbia
1315,North Carolina,South University-High Point
1316,Alabama,South University-Montgomery
1317,Virginia,South University-Richmond
1318,Georgia,South University-Savannah
1319,Georgia,South University-Savannah Online
1320,Florida,South University-Tampa
1321,Virginia,South University-Virginia Beach
1322,Florida,South University-West Palm Beach
1323,Missouri,Southeast Missouri State University
1324,Mississippi,Southeastern Baptist College
1325,North Carolina,Southeastern Baptist Theological Seminary
1326,North Carolina,Southeastern Free Will Baptist Bible College
1327,Louisiana,Southeastern Louisiana University
1328,Oklahoma,Southeastern Oklahoma State University
1329,Florida,Southeastern University
1330,Tennessee,Southern Adventist University
1331,Arkansas,Southern Arkansas University Main Campus
1332,California,Southern California Institute of Architecture
1333,California,Southern California Seminary
1334,California,Southern California University of Health Sciences
1335,Connecticut,Southern Connecticut State University
1336,Illinois,Southern Illinois University-Carbondale
1337,Illinois,Southern Illinois University-Edwardsville
1338,Texas,Southern Methodist University
1339,Oklahoma,Southern Nazarene University
1340,New Hampshire,Southern New Hampshire University
1341,Oregon,Southern Oregon University
1342,California,Southern States University
1343,Louisiana,Southern University and A & M College
1344,Louisiana,Southern University at New Orleans
1345,Utah,Southern Utah University
1346,Virginia,Southern Virginia University
1347,South Carolina,Southern Wesleyan University
1348,Missouri,Southwest Baptist University
1349,Minnesota,Southwest Minnesota State University
1350,Texas,Southwestern Adventist University
1351,Texas,Southwestern Assemblies of God University
1352,Texas,Southwestern Baptist Theological Seminary
1353,Oklahoma,Southwestern Christian University
1354,Kansas,Southwestern College
1355,Oklahoma,Southwestern Oklahoma State University
1356,Texas,Southwestern University
1357,Kentucky,Spalding University
1358,Georgia,Spelman College
1359,Michigan,Spring Arbor University
1360,Alabama,Spring Hill College
1361,Massachusetts,Springfield College
1362,Massachusetts,Springfield College-Regional Online and Continuing Education
1363,New York,St Bonaventure University
1364,Minnesota,St Catherine University
1365,New York,St Lawrence University
1366,Minnesota,St Olaf College
1367,North Carolina,St. Andrews University
1368,New York,St. Francis College
1369,Florida,St. John Vianney College Seminary
1370,Maryland,St. John's College
1371,New Mexico,St. John's College
1372,Illinois,St. John's College-Department of Nursing
1373,New York,St. John's University-New York
1374,New York,St. Joseph's University-New York
1375,Maryland,St. Mary's College of Maryland
1376,Texas,St. Mary's University
1377,New York,St. Thomas Aquinas College
1378,Florida,St. Thomas University
1379,California,Stanford University
1380,New York,State University of New York at New Paltz
1381,Texas,Stephen F Austin State University
1382,Missouri,Stephens College
1383,Vermont,Sterling College
1384,Kansas,Sterling College
1385,Florida,Stetson University
1386,New Jersey,Stevens Institute of Technology
1387,Missouri,Stevens-The Institute of Business & Arts
1388,Maryland,Stevenson University
1389,Alabama,Stillman College
1390,New Jersey,Stockton University
1391,Massachusetts,Stonehill College
1392,New York,Stony Brook University
1393,Virginia,Stratford University
1394,Alabama,Strayer University-Alabama
1395,Arkansas,Strayer University-Arkansas
1396,Delaware,Strayer University-Delaware
1397,District of Columbia,Strayer University-District of Columbia
1398,Florida,Strayer University-Florida
1399,Georgia,Strayer University-Georgia
1400,District of Columbia,Strayer University-Global Region
1401,Maryland,Strayer University-Maryland
1402,Mississippi,Strayer University-Mississippi
1403,New Jersey,Strayer University-New Jersey
1404,North Carolina,Strayer University-North Carolina
1405,Pennsylvania,Strayer University-Pennsylvania
1406,South Carolina,Strayer University-South Carolina
1407,Tennessee,Strayer University-Tennessee
1408,Texas,Strayer University-Texas
1409,Virginia,Strayer University-Virginia
1410,West Virginia,Strayer University-West Virginia
1411,Massachusetts,Suffolk University
1412,Texas,Sul Ross State University
1413,California,SUM Bible College and Theological Seminary
1414,Nebraska,Summit Christian College
1415,New York,SUNY at Albany
1416,New York,SUNY at Fredonia
1417,New York,SUNY at Purchase College
1418,New York,SUNY Brockport
1419,New York,SUNY Buffalo State
1420,New York,SUNY College at Geneseo
1421,New York,SUNY College at Old Westbury
1422,New York,SUNY College at Oswego
1423,New York,SUNY College at Plattsburgh
1424,New York,SUNY College at Potsdam
1425,New York,SUNY College of Agriculture and Technology at Cobleskill
1426,New York,SUNY College of Environmental Science and Forestry
1427,New York,SUNY College of Technology at Canton
1428,New York,SUNY College of Technology at Delhi
1429,New York,SUNY Cortland
1430,New York,SUNY Downstate Health Sciences University
1431,New York,SUNY Empire State College
1432,New York,SUNY Maritime College
1433,New York,SUNY Oneonta
1434,New York,SUNY Polytechnic Institute
1435,Pennsylvania,Susquehanna University
1436,Pennsylvania,Swarthmore College
1437,Virginia,Sweet Briar College
1438,New York,Syracuse University
1439,Kansas,Tabor College
1440,Colorado,Taft University System
1441,Alabama,Talladega College
1442,Florida,Talmudic College of Florida
1443,New Jersey,Talmudical Academy-New Jersey
1444,New York,Talmudical Institute of Upstate New York
1445,New York,Talmudical Seminary of Bobov
1446,New York,Talmudical Seminary Oholei Torah
1447,Pennsylvania,Talmudical Yeshiva of Philadelphia
1448,Texas,Tarleton State University
1449,Indiana,Taylor University
1450,Illinois,Telshe Yeshiva-Chicago
1451,Pennsylvania,Temple University
1452,Tennessee,Tennessee State University
1453,Tennessee,Tennessee Technological University
1454,Tennessee,Tennessee Wesleyan University
1455,Texas,Texas A & M International University
1456,Texas,Texas A & M University-College Station
1457,Texas,Texas A & M University-Commerce
1458,Texas,Texas A & M University-Corpus Christi
1459,Texas,Texas A & M University-Kingsville
1460,Texas,Texas A&M University-Central Texas
1461,Texas,Texas A&M University-San Antonio
1462,Texas,Texas A&M University-Texarkana
1463,Texas,Texas Christian University
1464,Texas,Texas College
1465,Texas,Texas Health and Science University
1466,Texas,Texas Lutheran University
1467,Texas,Texas Southern University
1468,Texas,Texas State University
1469,Texas,Texas Tech University
1470,Texas,Texas Tech University Health Sciences Center
1471,Texas,Texas Tech University Health Sciences Center-El Paso
1472,Texas,Texas Wesleyan University
1473,Texas,Texas Woman's University
1474,Georgia,The Art Institute of Atlanta
1475,Texas,The Art Institute of Austin
1476,Texas,The Art Institute of Houston
1477,Texas,The Art Institute of San Antonio
1478,Virginia,The Art Institute of Virginia Beach
1479,Florida,The Baptist College of Florida
1480,District of Columbia,The Catholic University of America
1481,Illinois,The Chicago School of Professional Psychology at Chicago
1482,California,The Chicago School of Professional Psychology at Los Angeles
1483,California,The Chicago School of Professional Psychology at San Diego
1484,Ohio,The Christ College of Nursing and Health Sciences
1485,Idaho,The College of Idaho
1486,New Jersey,The College of New Jersey
1487,New York,The College of Saint Rose
1488,Minnesota,The College of Saint Scholastica
1489,Ohio,The College of Wooster
1490,Washington,The Evergreen State College
1491,New York,The Juilliard School
1492,New York,The King's College
1493,Texas,The King's University
1494,California,The Master's University and Seminary
1495,Massachusetts,The New England Conservatory of Music
1496,New York,The New School
1497,Ohio,The North Coast College
1498,Pennsylvania,The Pennsylvania State University
1499,Kentucky,The Southern Baptist Theological Seminary
1500,Alabama,The University of Alabama
1501,Ohio,The University of Findlay
1502,Montana,The University of Montana
1503,Montana,The University of Montana-Western
1504,Florida,The University of Tampa
1505,Tennessee,The University of Tennessee Health Science Center
1506,Tennessee,The University of Tennessee Southern
1507,Tennessee,The University of Tennessee-Chattanooga
1508,Tennessee,The University of Tennessee-Knoxville
1509,Tennessee,The University of Tennessee-Martin
1510,Texas,The University of Texas at Arlington
1511,Texas,The University of Texas at Austin
1512,Texas,The University of Texas at Dallas
1513,Texas,The University of Texas at El Paso
1514,Texas,The University of Texas at San Antonio
1515,Texas,The University of Texas at Tyler
1516,Texas,The University of Texas Health Science Center at Houston
1517,Texas,The University of Texas Health Science Center at San Antonio
1518,Texas,The University of Texas MD Anderson Cancer Center
1519,Texas,The University of Texas Medical Branch at Galveston
1520,Texas,The University of Texas Permian Basin
1521,Texas,The University of Texas Rio Grande Valley
1522,Pennsylvania,The University of the Arts
1523,Tennessee,The University of the South
1524,Florida,The University of West Florida
1525,Pennsylvania,Thiel College
1526,California,Thomas Aquinas College
1527,Maine,Thomas College
1528,New Jersey,Thomas Edison State University
1529,Pennsylvania,Thomas Jefferson University
1530,New Hampshire,Thomas More College of Liberal Arts
1531,Kentucky,Thomas More University
1532,Georgia,Thomas University
1533,Ohio,Tiffin University
1534,Georgia,Toccoa Falls College
1535,New York,Torah Temimah Talmudical Seminary
1536,Mississippi,Tougaloo College
1537,New York,Touro College
1538,Nevada,Touro University Nevada
1539,California,Touro University Worldwide
1540,Maryland,Towson University
1541,Kentucky,Transylvania University
1542,Tennessee,Trevecca Nazarene University
1543,Ohio,Tri-State Bible College
1544,Indiana,Trine University
1545,Indiana,Trine University-Regional/Non-Traditional Campuses
1546,Florida,Trinity Baptist College
1547,North Dakota,Trinity Bible College and Graduate School
1548,Illinois,Trinity Christian College
1549,Connecticut,Trinity College
1550,Florida,Trinity College of Florida
1551,Illinois,Trinity College of Nursing & Health Sciences
1552,Florida,Trinity International University-Florida
1553,Illinois,Trinity International University-Illinois
1554,Texas,Trinity University
1555,District of Columbia,Trinity Washington University
1556,Alabama,Troy University
1557,Georgia,Truett McConnell University
1558,Missouri,Truman State University
1559,Massachusetts,Tufts University
1560,Louisiana,Tulane University of Louisiana
1561,Tennessee,Tusculum University
1562,Alabama,Tuskegee University
1563,Indiana,Union Bible College
1564,Kentucky,Union College
1565,New York,Union College
1566,Nebraska,Union College
1567,Ohio,Union Institute & University
1568,Tennessee,Union University
1569,Florida,United International College
1570,Colorado,United States Air Force Academy
1571,Connecticut,United States Coast Guard Academy
1572,New York,United States Merchant Marine Academy
1573,New York,United States Military Academy
1574,Maryland,United States Naval Academy
1575,Alabama,United States Sports Academy
1576,California,United States University
1577,New York,United Talmudical Seminary
1578,Maine,Unity College
1579,New York,University at Buffalo
1580,Arizona,University of Advancing Technology
1581,Ohio,University of Akron Main Campus
1582,Alabama,University of Alabama at Birmingham
1583,Alabama,University of Alabama in Huntsville
1584,Alaska,University of Alaska Anchorage
1585,Alaska,University of Alaska Fairbanks
1586,Alaska,University of Alaska Southeast
1587,Arizona,University of Arizona
1588,Arkansas,University of Arkansas
1589,Arkansas,University of Arkansas at Little Rock
1590,Arkansas,University of Arkansas at Pine Bluff
1591,Arkansas,University of Arkansas for Medical Sciences
1592,Arkansas,University of Arkansas-Fort Smith
1593,Maryland,University of Baltimore
1594,Connecticut,University of Bridgeport
1595,California,University of California-Berkeley
1596,California,University of California-Davis
1597,California,University of California-Irvine
1598,California,University of California-Los Angeles
1599,California,University of California-Merced
1600,California,University of California-Riverside
1601,California,University of California-San Diego
1602,California,University of California-Santa Barbara
1603,California,University of California-Santa Cruz
1604,Arkansas,University of Central Arkansas
1605,Florida,University of Central Florida
1606,Missouri,University of Central Missouri
1607,Oklahoma,University of Central Oklahoma
1608,West Virginia,University of Charleston
1609,Illinois,University of Chicago
1610,Ohio,University of Cincinnati-Main Campus
1611,Colorado,University of Colorado Boulder
1612,Colorado,University of Colorado Colorado Springs
1613,Colorado,University of Colorado Denver/Anschutz Medical Campus
1614,Connecticut,University of Connecticut
1615,Connecticut,University of Connecticut-Avery Point
1616,Connecticut,University of Connecticut-Hartford Campus
1617,Connecticut,University of Connecticut-Stamford
1618,Connecticut,University of Connecticut-Waterbury Campus
1619,Texas,University of Dallas
1620,Ohio,University of Dayton
1621,Delaware,University of Delaware
1622,Colorado,University of Denver
1623,Michigan,University of Detroit Mercy
1624,Iowa,University of Dubuque
1625,Indiana,University of Evansville
1626,Florida,University of Florida
1627,Florida,University of Florida-Online
1628,Florida,University of Fort Lauderdale
1629,Georgia,University of Georgia
1630,Connecticut,University of Hartford
1631,Hawaii,University of Hawaii at Hilo
1632,Hawaii,University of Hawaii at Manoa
1633,Hawaii,University of Hawaii-West Oahu
1634,Missouri,University of Health Sciences and Pharmacy in St. Louis
1635,Louisiana,University of Holy Cross
1636,Texas,University of Houston
1637,Texas,University of Houston-Clear Lake
1638,Texas,University of Houston-Downtown
1639,Texas,University of Houston-Victoria
1640,Idaho,University of Idaho
1641,Illinois,University of Illinois Chicago
1642,Illinois,University of Illinois Springfield
1643,Illinois,University of Illinois Urbana-Champaign
1644,Indiana,University of Indianapolis
1645,Iowa,University of Iowa
1646,North Dakota,University of Jamestown
1647,Kansas,University of Kansas
1648,Kentucky,University of Kentucky
1649,California,University of La Verne
1650,Louisiana,University of Louisiana at Lafayette
1651,Louisiana,University of Louisiana at Monroe
1652,Kentucky,University of Louisville
1653,Virginia,University of Lynchburg
1654,Maine,University of Maine
1655,Maine,University of Maine at Augusta
1656,Maine,University of Maine at Farmington
1657,Maine,University of Maine at Fort Kent
1658,Maine,University of Maine at Presque Isle
1659,Virginia,University of Management and Technology
1660,North Dakota,University of Mary
1661,Texas,University of Mary Hardin-Baylor
1662,Virginia,University of Mary Washington
1663,Maryland,University of Maryland Eastern Shore
1664,Maryland,University of Maryland Global Campus
1665,Maryland,University of Maryland Baltimore
1666,Maryland,University of Maryland-Baltimore County
1667,Maryland,University of Maryland-College Park
1668,California,University of Massachusetts Global
1669,Massachusetts,University of Massachusetts-Amherst
1670,Massachusetts,University of Massachusetts-Boston
1671,Massachusetts,University of Massachusetts-Dartmouth
1672,Massachusetts,University of Massachusetts-Lowell
1673,Tennessee,University of Memphis
1674,Florida,University of Miami
1675,Michigan,University of Michigan-Ann Arbor
1676,Michigan,University of Michigan-Dearborn
1677,Michigan,University of Michigan-Flint
1678,Minnesota,University of Minnesota-Crookston
1679,Minnesota,University of Minnesota-Duluth
1680,Minnesota,University of Minnesota-Morris
1681,Minnesota,University of Minnesota-Rochester
1682,Minnesota,University of Minnesota-Twin Cities
1683,Mississippi,University of Mississippi
1684,Missouri,University of Missouri-Columbia
1685,Missouri,University of Missouri-Kansas City
1686,Missouri,University of Missouri-St Louis
1687,Alabama,University of Mobile
1688,Alabama,University of Montevallo
1689,North Carolina,University of Mount Olive
1690,Ohio,University of Mount Union
1691,Nebraska,University of Nebraska at Kearney
1692,Nebraska,University of Nebraska at Omaha
1693,Nebraska,University of Nebraska Medical Center
1694,Nebraska,University of Nebraska-Lincoln
1695,Nevada,University of Nevada-Las Vegas
1696,Nevada,University of Nevada-Reno
1697,Maine,University of New England
1698,New Hampshire,University of New Hampshire at Manchester
1699,New Hampshire,University of New Hampshire-Main Campus
1700,Connecticut,University of New Haven
1701,New Mexico,University of New Mexico-Main Campus
1702,Louisiana,University of New Orleans
1703,Alabama,University of North Alabama
1704,North Carolina,University of North Carolina at Asheville
1705,North Carolina,University of North Carolina at Chapel Hill
1706,North Carolina,University of North Carolina at Charlotte
1707,North Carolina,University of North Carolina at Greensboro
1708,North Carolina,University of North Carolina at Pembroke
1709,North Carolina,University of North Carolina School of the Arts
1710,North Carolina,University of North Carolina Wilmington
1711,North Dakota,University of North Dakota
1712,Florida,University of North Florida
1713,Georgia,University of North Georgia
1714,Texas,University of North Texas
1715,Texas,University of North Texas at Dallas
1716,Colorado,University of Northern Colorado
1717,Iowa,University of Northern Iowa
1718,Minnesota,University of Northwestern-St Paul
1719,Indiana,University of Notre Dame
1720,Oklahoma,University of Oklahoma-Health Sciences Center
1721,Oklahoma,University of Oklahoma-Norman Campus
1722,Oregon,University of Oregon
1723,Pennsylvania,University of Pennsylvania
1724,Arizona,University of Phoenix-Arizona
1725,California,University of Phoenix-California
1726,Hawaii,University of Phoenix-Hawaii
1727,Nevada,University of Phoenix-Nevada
1728,Texas,University of Phoenix-Texas
1729,Kentucky,University of Pikeville
1730,Pennsylvania,University of Pittsburgh-Bradford
1731,Pennsylvania,University of Pittsburgh-Greensburg
1732,Pennsylvania,University of Pittsburgh-Johnstown
1733,Pennsylvania,University of Pittsburgh-Pittsburgh Campus
1734,Oregon,University of Portland
1735,Montana,University of Providence
1736,Washington,University of Puget Sound
1737,California,University of Redlands
1738,Rhode Island,University of Rhode Island
1739,Virginia,University of Richmond
1740,New York,University of Rochester
1741,Indiana,University of Saint Francis-Fort Wayne
1742,Connecticut,University of Saint Joseph
1743,California,University of Saint Katherine
1744,Kansas,University of Saint Mary
1745,California,University of San Diego
1746,California,University of San Francisco
1747,Oklahoma,University of Science and Arts of Oklahoma
1748,Pennsylvania,University of Scranton
1749,California,University of Silicon Valley
1750,South Dakota,University of Sioux Falls
1751,Alabama,University of South Alabama
1752,South Carolina,University of South Carolina Aiken
1753,South Carolina,University of South Carolina Beaufort
1754,South Carolina,University of South Carolina-Columbia
1755,South Carolina,University of South Carolina-Upstate
1756,South Dakota,University of South Dakota
1757,Florida,University of South Florida
1758,California,University of Southern California
1759,Indiana,University of Southern Indiana
1760,Maine,University of Southern Maine
1761,Mississippi,University of Southern Mississippi
1762,Illinois,University of St Francis
1763,Texas,University of St Thomas
1764,Minnesota,University of St Thomas
1765,Kentucky,University of the Cumberlands
1766,District of Columbia,University of the District of Columbia
1767,Texas,University of the Incarnate Word
1768,Arkansas,University of the Ozarks
1769,California,University of the Pacific
1770,California,University of the People
1771,Virginia,University of the Potomac-VA Campus
1772,District of Columbia,University of the Potomac-Washington DC Campus
1773,Pennsylvania,University of the Sciences
1774,New Mexico,University of the Southwest
1775,California,University of the West
1776,Ohio,University of Toledo
1777,Oklahoma,University of Tulsa
1778,Utah,University of Utah
1779,Pennsylvania,University of Valley Forge
1780,Vermont,University of Vermont
1781,Virginia,University of Virginia's College at Wise
1782,Virginia,University of Virginia-Main Campus
1783,Washington,University of Washington-Bothell Campus
1784,Washington,University of Washington-Seattle Campus
1785,Washington,University of Washington-Tacoma Campus
1786,Alabama,University of West Alabama
1787,Georgia,University of West Georgia
1788,California,University of West Los Angeles
1789,Oregon,University of Western States
1790,Wisconsin,University of Wisconsin-Eau Claire
1791,Wisconsin,University of Wisconsin-Green Bay
1792,Wisconsin,University of Wisconsin-La Crosse
1793,Wisconsin,University of Wisconsin-Madison
1794,Wisconsin,University of Wisconsin-Milwaukee
1795,Wisconsin,University of Wisconsin-Milwaukee Flex
1796,Wisconsin,University of Wisconsin-Oshkosh
1797,Wisconsin,University of Wisconsin-Parkside
1798,Wisconsin,University of Wisconsin-Parkside Flex
1799,Wisconsin,University of Wisconsin-Platteville
1800,Wisconsin,University of Wisconsin-River Falls
1801,Wisconsin,University of Wisconsin-Stevens Point
1802,Wisconsin,University of Wisconsin-Stout
1803,Wisconsin,University of Wisconsin-Superior
1804,Wisconsin,University of Wisconsin-Whitewater
1805,Wyoming,University of Wyoming
1806,Iowa,Upper Iowa University
1807,New York,Upstate Medical University
1808,Missouri,Urshan College
1809,Pennsylvania,Ursinus College
1810,Ohio,Ursuline College
1811,New York,Uta Mesivta of Kiryas Joel
1812,Utah,Utah State University
1813,New York,Utica University
1814,Georgia,Valdosta State University
1815,North Dakota,Valley City State University
1816,Indiana,Valparaiso University
1817,Tennessee,Vanderbilt University
1818,Illinois,VanderCook College of Music
1819,California,Vanguard University of Southern California
1820,New York,Vassar College
1821,Indiana,Veritas Baptist College
1822,Pennsylvania,Villanova University
1823,Virginia,Virginia Commonwealth University
1824,Virginia,Virginia Military Institute
1825,Virginia,Virginia Polytechnic Institute and State University
1826,Virginia,Virginia State University
1827,Virginia,Virginia Union University
1828,Virginia,Virginia University of Lynchburg
1829,Virginia,Virginia Wesleyan University
1830,Wisconsin,Viterbo University
1831,South Carolina,Voorhees College
1832,Indiana,Wabash College
1833,New York,Wagner College
1834,North Carolina,Wake Forest University
1835,Minnesota,Walden University
1836,Iowa,Waldorf University
1837,Washington,Walla Walla University
1838,Michigan,Walsh College
1839,Ohio,Walsh University
1840,Oregon,Warner Pacific University
1841,Oregon,Warner Pacific University Professional and Graduate Studies
1842,Florida,Warner University
1843,North Carolina,Warren Wilson College
1844,Iowa,Wartburg College
1845,Kansas,Washburn University
1846,Pennsylvania,Washington & Jefferson College
1847,Maryland,Washington Adventist University
1848,Virginia,Washington and Lee University
1849,Maryland,Washington College
1850,Washington,Washington State University
1851,Missouri,Washington University in St Louis
1852,Texas,Wayland Baptist University
1853,Nebraska,Wayne State College
1854,Michigan,Wayne State University
1855,Pennsylvania,Waynesburg University
1856,New York,Webb Institute
1857,Florida,Webber International University
1858,Missouri,Webster University
1859,Tennessee,Welch College
1860,Massachusetts,Wellesley College
1861,New York,Wells College
1862,Massachusetts,Wentworth Institute of Technology
1863,Mississippi,Wesley Biblical Seminary
1864,Georgia,Wesleyan College
1865,Connecticut,Wesleyan University
1866,Pennsylvania,West Chester University of Pennsylvania
1867,Texas,West Coast University-Dallas
1868,California,West Coast University-Los Angeles
1869,Florida,West Coast University-Miami
1870,California,West Coast University-Ontario
1871,California,West Coast University-Orange County
1872,West Virginia,West Liberty University
1873,Texas,West Texas A & M University
1874,West Virginia,West Virginia State University
1875,West Virginia,West Virginia University
1876,West Virginia,West Virginia University Institute of Technology
1877,West Virginia,West Virginia Wesleyan College
1878,California,Westcliff University
1879,North Carolina,Western Carolina University
1880,Colorado,Western Colorado University
1881,Connecticut,Western Connecticut State University
1882,Utah,Western Governors University
1883,Illinois,Western Illinois University
1884,Kentucky,Western Kentucky University
1885,Michigan,Western Michigan University
1886,Massachusetts,Western New England University
1887,New Mexico,Western New Mexico University
1888,Oregon,Western Oregon University
1889,Washington,Western Washington University
1890,Massachusetts,Westfield State University
1891,Utah,Westminster College
1892,Pennsylvania,Westminster College
1893,Missouri,Westminster College
1894,California,Westmont College
1895,Illinois,Wheaton College
1896,Massachusetts,Wheaton College (Massachusetts)
1897,West Virginia,Wheeling University
1898,Washington,Whitman College
1899,California,Whittier College
1900,Washington,Whitworth University
1901,Washington,Whitworth University-Adult Degree Programs
1902,Kansas,Wichita State University
1903,Pennsylvania,Widener University
1904,Ohio,Wilberforce University
1905,Texas,Wiley College
1906,Pennsylvania,Wilkes University
1907,Oregon,Willamette University
1908,Virginia,William & Mary
1909,Mississippi,William Carey University
1910,Massachusetts,William James College
1911,California,William Jessup University
1912,Missouri,William Jewell College
1913,New Jersey,William Paterson University of New Jersey
1914,North Carolina,William Peace University
1915,Iowa,William Penn University
1916,Missouri,William Woods University
1917,Arkansas,Williams Baptist University
1918,Massachusetts,Williams College
1919,Tennessee,Williamson Christian College
1920,Ohio,Wilmington College
1921,Delaware,Wilmington University
1922,Pennsylvania,Wilson College
1923,North Carolina,Wingate University
1924,Minnesota,Winona State University
1925,North Carolina,Winston-Salem State University
1926,South Carolina,Winthrop University
1927,Wisconsin,Wisconsin Lutheran College
1928,Ohio,Wittenberg University
1929,South Carolina,Wofford College
1930,Maryland,Women's Institute of Torah Seminary and College
1931,California,Woodbury University
1932,Massachusetts,Worcester Polytechnic Institute
1933,Massachusetts,Worcester State University
1934,California,World Mission University
1935,Ohio,Wright State University-Lake Campus
1936,Ohio,Wright State University-Main Campus
1937,Ohio,Xavier University
1938,Louisiana,Xavier University of Louisiana
1939,Connecticut,Yale University
1940,New Jersey,Yeshiva Bais Aharon
1941,Maryland,Yeshiva College of the Nations Capital
1942,New York,Yeshiva D'monsey Rabbinical College
1943,New York,Yeshiva Derech Chaim
1944,New York,Yeshiva Gedolah Imrei Yosef D'spinka
1945,New York,Yeshiva Gedolah Kesser Torah
1946,New Jersey,Yeshiva Gedolah of Cliffwood
1947,Michigan,Yeshiva Gedolah of Greater Detroit
1948,New Jersey,Yeshiva Gedolah Tiferes Boruch
1949,New Jersey,Yeshiva Gedolah Zichron Leyma
1950,New York,Yeshiva Karlin Stolin
1951,New York,Yeshiva Kollel Tifereth Elizer
1952,New York,Yeshiva of Far Rockaway Derech Ayson Rabbinical Seminary
1953,New York,Yeshiva of Machzikai Hadas
1954,New York,Yeshiva of Nitra Rabbinical College
1955,New York,Yeshiva of the Telshe Alumni
1956,California,Yeshiva Ohr Elchonon Chabad West Coast Talmudical Seminary
1957,New York,Yeshiva Ohr Yisrael
1958,New York,Yeshiva Shaar Hatorah
1959,New York,Yeshiva Shaarei Torah of Rockland
1960,New York,Yeshiva Sholom Shachna
1961,New Jersey,Yeshiva Toras Chaim
1962,New York,Yeshiva University
1963,New York,Yeshiva Yesoda Hatorah Vetz Chaim
1964,New Jersey,Yeshiva Yesodei Hatorah
1965,New York,Yeshiva Zichron Aryeh
1966,Florida,Yeshivah Gedolah Rabbinical College
1967,New Jersey,Yeshivas Be'er Yitzchok
1968,New Jersey,Yeshivas Emek Hatorah
1969,New York,Yeshivas Maharit D'Satmar
1970,New York,Yeshivas Novominsk
1971,Pennsylvania,Yeshivath Beth Moshe
1972,New York,Yeshivath Viznitz
1973,Nebraska,York College
1974,Pennsylvania,York College of Pennsylvania
1975,Georgia,Young Harris College
1976,Ohio,Youngstown State University
1977,California,Zaytuna College
